"First Name,Last Name,Email Address"
"Test,Testerson,test@test.net"
"Will,Test,will@test.nova"
"Harvey,Tester,harvey@test.com"
"Barney ,Dino,dino@test"
"Archer,Guy,archer.test.com"
"Mister,Sir,mister@tester.test.com"
"Miss,Lady,lady@miss-test.org"
"Donovan,McNabb,don@eagle-football.com"
"Harry,Houdini,har@disappear…net."
"Flo,Rida,flo-ri-da@2004.global.d"
"Uly,Buly,ulybuly#uly.com"
